{
    "A":[
        {
            "Layout":[
                [0,0]
            ]
        },
        {
            "Layout":[
                [0,0],
                [1,0]
                
            ]
        },
        {
            "Layout":[
                [0,0],
                [0,1]
            ]
        },
        {
            "Layout":[
                [0,0],
                [1,0],
                [1,1]
            ]
        },
        {
            "Layout":[
                [0,0],
                [1,0],
                [1,-1]
            ]
        },{
            "Layout":[
                [0,0],
                [1,0],
                [0,1]
            ]
        },{
            "Layout":[
                [0,0],
                [1,0],
                [0,-1]
            ]
        },{
            "Layout":[
                [0,0],
                [1,0],
                [0,1],
                [1,1]
            ]
        },{
            "Layout":[
                [0,0],
                [1,0],
                [-1,0]
            ]
        },{
            "Layout":[
                [0,0],
                [0,1],
                [0,-1]
            ]
        },{
            "Layout":[
                [0,0],
                [0,1],
                [0,-1],
                [0,2],
                [0,-2]
            ]
        },{
            "Layout":[
                [0,0],
                [1,0],
                [-1,0],
                [2,0],
                [-2,0]
            ]
        },{
            "Layout":[
                [0,0],
                [1,0],
                [-1,0],
                [2,0]
            ]
        },{
            "Layout":[
                [0,0],
                [0,1],
                [0,-1],
                [0,2]
            ]
        },{
            "Layout":[
                [0,0],
                [0,1],
                [0,-1],
                [1,0],
                [1,1],
                [1,-1],
                [-1,0],
                [-1,1],
                [-1,-1]
                
            ]
        },{
            "Layout":[
                [0,0],
                [0,1],
                [0,-1],
                [1,0],
                [1,1],
                [1,-1]
                
            ]
        },{
            "Layout":[
                [0,0],
                [1,0],
                [-1,0],
                [0,1],
                [1,1],
                [-1,1]
            ]
        },{
            "Layout":[
                [0,0],
                [1,0],
                [-1,0],
                [0,1]
            ]
        },{
            "Layout":[
                [0,0],
                [1,0],
                [-1,0],
                [0,-1]
            ]
        },{
            "Layout":[
                [0,0],
                [0,-1],
                [-1,0],
                [0,1]
            ]
        },{
            "Layout":[
                [0,0],
                [1,0],
                [0,-1],
                [0,1]
            ]
        }

    ]
    
}